id,prediction
2388,ham
3526,ham
655,ham
1085,ham
2517,ham
2499,ham
3605,ham
1540,ham
2471,ham
3265,ham
808,ham
799,ham
66,spam
2101,ham
2043,ham
4222,ham
2592,ham
4828,spam
4685,ham
466,ham
3312,ham
2313,ham
3132,ham
2655,ham
801,ham
654,ham
2858,spam
472,ham
3380,ham
1455,ham
4086,ham
587,ham
1554,ham
562,ham
2878,ham
1860,ham
5135,ham
4595,ham
347,ham
585,ham
1771,ham
4054,ham
1021,ham
2733,ham
712,ham
4161,ham
590,ham
1942,ham
2903,ham
1579,ham
1372,ham
4435,ham
3552,ham
3027,ham
4950,ham
1601,spam
1558,ham
1169,ham
788,ham
374,ham
1184,ham
3907,ham
554,ham
1733,ham
4879,ham
747,ham
3409,ham
2875,ham
3059,ham
4233,ham
240,ham
1392,ham
3177,ham
1346,ham
1584,ham
5020,ham
4274,ham
3460,ham
1221,ham
1159,ham
24,ham
2981,ham
34,ham
4036,ham
4468,ham
3113,ham
4239,ham
3313,ham
241,ham
4577,ham
4787,ham
1414,ham
2777,ham
4224,ham
80,ham
732,ham
3340,ham
2329,ham
2688,ham
2679,ham
3244,ham
297,ham
2340,ham
1635,ham
1393,ham
3626,ham
1439,ham
3047,ham
1770,ham
3185,ham
4420,ham
4268,ham
3946,ham
1426,ham
3371,ham
3517,ham
3383,ham
3803,ham
2635,ham
4920,ham
4563,spam
1232,ham
2866,ham
2665,ham
3287,ham
5005,ham
2414,spam
2433,ham
352,spam
3210,ham
5118,ham
3743,ham
1011,ham
3772,spam
882,ham
3569,ham
545,ham
4840,ham
2289,ham
2243,ham
2821,ham
4407,spam
1211,ham
2893,ham
3414,ham
4155,ham
85,ham
4271,ham
228,ham
2418,ham
1617,ham
2320,ham
4188,ham
4336,ham
107,ham
4711,ham
1819,ham
1974,ham
643,ham
4974,ham
2524,ham
5103,ham
4168,spam
9,spam
4029,ham
2529,ham
627,ham
1718,ham
2112,ham
832,ham
1182,ham
927,ham
1836,ham
158,spam
280,ham
556,ham
487,ham
4032,ham
180,ham
2060,ham
2998,ham
168,ham
2993,ham
4211,ham
2304,ham
3602,ham
890,ham
1789,ham
291,ham
539,ham
4419,ham
498,ham
3444,ham
719,ham
30,ham
3653,ham
3097,ham
2116,ham
3930,ham
3474,ham
843,ham
4181,spam
4402,ham
473,ham
4807,ham
2222,ham
3440,ham
1871,ham
2400,ham
1567,ham
4887,ham
4198,ham
3935,ham
3483,ham
152,ham
2155,ham
4292,ham
3950,ham
752,ham
1449,ham
932,ham
3478,ham
81,ham
735,spam
2595,ham
995,ham
625,spam
4669,ham
978,ham
423,ham
4748,ham
2643,ham
486,ham
2523,ham
1809,ham
3506,ham
4561,ham
2348,ham
169,ham
1130,ham
4170,ham
3870,ham
334,ham
1624,ham
255,ham
3429,ham
806,spam
997,spam
1264,ham
880,ham
3154,ham
4409,ham
4705,ham
2516,ham
3348,ham
200,ham
3079,ham
5078,ham
3571,ham
506,ham
4835,ham
1966,ham
394,ham
1958,ham
4742,ham
4261,ham
1840,ham
3337,ham
1452,ham
2218,spam
3915,ham
3001,ham
4048,spam
849,spam
2216,ham
894,ham
4400,ham
229,ham
4557,ham
2785,ham
2232,ham
3140,ham
1201,ham
4499,ham
1506,ham
249,ham
2158,ham
2742,ham
4477,ham
3540,ham
671,ham
1075,ham
4927,ham
427,spam
3096,ham
3607,ham
4242,ham
1469,ham
1919,ham
1748,ham
3306,ham
5156,spam
89,ham
1026,ham
1216,ham
3835,ham
3808,ham
411,ham
3101,ham
1790,spam
1938,spam
1787,ham
4528,ham
145,ham
316,spam
1570,ham
4404,ham
1236,spam
4880,ham
1863,spam
2276,ham
4733,ham
1376,ham
3373,ham
1533,ham
2887,ham
1420,spam
3837,ham
3538,ham
4363,ham
4393,ham
1322,ham
1129,ham
101,ham
3543,ham
4969,ham
4354,ham
908,ham
4917,ham
5053,ham
4474,ham
3107,ham
4374,ham
1972,ham
3889,ham
4608,ham
110,ham
3419,ham
3968,ham
4351,ham
1428,ham
4259,ham
839,ham
1744,ham
3843,ham
4319,ham
3063,ham
834,ham
4881,ham
3266,ham
3698,ham
656,ham
3955,ham
1742,ham
2979,ham
3639,ham
2324,spam
4444,ham
764,ham
5158,ham
298,ham
5025,ham
2119,ham
4272,ham
829,ham
309,spam
231,ham
4413,ham
1097,ham
2358,ham
5019,ham
3339,ham
4443,ham
1756,ham
3504,ham
1478,ham
4988,ham
692,ham
766,ham
438,ham
2556,ham
2898,ham
1621,ham
1841,ham
1243,ham
2708,ham
4652,ham
1042,ham
3897,spam
3733,ham
4397,ham
4334,spam
4684,spam
706,spam
3037,ham
4715,ham
4527,ham
1102,ham
5128,ham
5137,ham
4594,ham
1331,ham
2686,spam
150,ham
3866,ham
3017,ham
4521,ham
1174,ham
3164,ham
2175,spam
439,ham
1648,ham
4691,ham
3878,ham
4661,ham
13,spam
94,spam
3484,ham
1671,ham
3581,ham
3948,ham
502,ham
3586,ham
1050,ham
4501,ham
1048,ham
2237,ham
531,ham
1457,spam
684,ham
1581,ham
417,ham
2621,ham
469,ham
1076,ham
2953,ham
4284,ham
430,ham
2012,ham
1600,ham
1703,ham
4824,ham
1437,ham
5070,ham
3951,ham
1724,ham
3481,ham
2054,ham
2464,ham
1653,ham
3879,ham
1655,ham
2300,spam
5090,ham
2648,spam
492,ham
3215,ham
1651,ham
5069,spam
1880,ham
133,ham
5017,ham
2303,ham
2314,ham
5143,ham
3884,ham
3663,spam
2756,ham
1607,ham
4848,ham
3961,ham
3412,spam
1296,ham
288,ham
5021,ham
3618,ham
2928,ham
2095,ham
2331,spam
970,ham
3436,ham
1823,spam
5037,ham
4776,ham
4650,ham
3197,ham
4910,spam
4727,spam
5040,ham
3723,spam
4554,ham
3722,ham
2575,ham
2026,ham
1903,ham
1630,ham
1868,ham
2650,ham
3249,spam
2493,ham
3455,ham
1058,ham
2597,ham
4952,ham
2664,ham
5018,ham
1361,ham
2917,ham
4949,ham
1721,spam
3705,ham
415,ham
1838,ham
2226,ham
3862,ham
5151,ham
4739,ham
3680,ham
253,ham
4460,ham
351,ham
1774,ham
722,ham
458,ham
578,ham
91,ham
953,ham
4819,ham
27,ham
4530,ham
182,ham
1730,ham
1035,ham
4756,spam
4668,ham
4590,spam
4898,ham
4747,spam
4576,ham
4455,ham
2684,ham
4800,ham
1096,spam
1254,ham
70,ham
678,spam
5071,ham
765,ham
1527,ham
204,ham
2752,ham
5124,ham
2395,ham
388,ham
600,ham
1947,spam
3791,ham
2578,ham
3659,spam
4403,ham
222,spam
2758,ham
2195,ham
4615,ham
4044,ham
682,ham
2406,ham
2102,spam
2415,ham
4929,ham
178,ham
4150,spam
3423,ham
878,ham
4146,ham
4968,ham
1865,ham
3241,ham
4021,ham
2017,ham
3913,ham
3505,ham
4989,ham
3405,ham
4251,ham
725,spam
2278,spam
2253,ham
3115,ham
1269,spam
4288,ham
4734,ham
2823,ham
4182,ham
2245,ham
220,ham
2196,ham
5054,ham
583,spam
2379,ham
3860,ham
44,ham
211,ham
1663,ham
355,ham
1434,ham
4804,ham
2374,spam
4731,ham
368,ham
3247,ham
3981,ham
3933,spam
136,ham
3221,ham
48,ham
1003,ham
3662,ham
3751,ham
4349,ham
4487,ham
1433,ham
4858,ham
62,ham
2349,ham
777,ham
96,spam
4145,ham
479,ham
1913,ham
2743,ham
2143,ham
4539,ham
1898,ham
2332,ham
2283,spam
4424,ham
323,ham
3471,ham
1245,ham
2371,ham
4682,spam
2988,ham
3236,ham
1780,ham
1504,ham
3741,ham
2389,ham
292,ham
1222,ham
3258,ham
534,ham
3459,ham
1706,ham
734,ham
3255,ham
1850,ham
658,ham
2716,ham
4959,ham
1781,ham
5085,spam
429,ham
1118,ham
4868,ham
4024,ham
4997,ham
811,ham
4555,ham
3923,ham
812,spam
2581,ham
1380,ham
1177,ham
2989,ham
3411,ham
1555,ham
3802,ham
5102,ham
4675,ham
5080,spam
2703,ham
3795,ham
1486,spam
2125,ham
4372,ham
4153,ham
3227,spam
2122,spam
2396,ham
3280,ham
2147,ham
103,ham
4309,ham
1422,spam
1282,ham
2488,ham
2487,ham
2318,ham
71,ham
4732,ham
1262,ham
4855,ham
3594,ham
4102,ham
4818,spam
4320,ham
1435,ham
2459,ham
1002,ham
1323,ham
4571,ham
2438,ham
2943,ham
1488,ham
3902,ham
4641,ham
2136,spam
3650,ham
3987,ham
5038,ham
1739,ham
1963,ham
3833,ham
2084,ham
4847,ham
3675,ham
382,ham
1406,ham
2241,spam
2079,ham
2178,ham
2848,ham
3812,ham
2380,ham
4294,ham
3979,ham
1421,ham
234,ham
713,ham
3927,ham
4716,ham
3832,ham
634,ham
3826,spam
416,spam
4471,ham
4990,spam
916,ham
804,ham
2355,ham
4834,ham
813,ham
3407,ham
18,ham
1345,ham
2219,ham
3818,spam
1505,ham
597,spam
4193,ham
2880,ham
2092,ham
2660,spam
1877,ham
3476,ham
372,ham
1673,ham
2169,ham
653,ham
599,ham
677,ham
239,ham
5060,ham
2139,ham
4169,ham
3486,ham
1965,ham
76,ham
1666,ham
2723,ham
3713,ham
3590,spam
2946,ham
3821,ham
4245,spam
965,ham
3367,spam
1145,ham
4396,ham
2310,ham
4655,ham
97,ham
3859,ham
945,ham
4511,ham
2751,ham
622,ham
2608,ham
3890,ham
567,ham
4040,ham
3214,ham
3136,ham
749,ham
1336,ham
3314,ham
2816,ham
535,ham
746,ham
3415,ham
4931,ham
444,ham
196,ham
1906,ham
5003,ham
803,ham
1033,ham
1045,ham
4063,spam
4049,spam
3300,ham
4423,ham
3130,ham
4951,ham
645,ham
3600,ham
3771,ham
1615,ham
4550,ham
121,spam
2593,ham
4357,ham
4215,ham
1341,ham
5048,spam
2819,ham
2620,ham
1727,ham
3735,ham
135,spam
2634,ham
3514,ham
4476,ham
185,ham
3327,spam
2466,ham
512,ham
1030,ham
2198,spam
3366,ham
2859,ham
3978,ham
2474,ham
912,ham
252,ham
626,ham
1892,spam
4473,spam
2790,ham
4154,ham
123,spam
1925,ham
3827,ham
3086,ham
2628,ham
4843,ham
3533,ham
568,ham
1612,ham
2221,ham
4815,ham
694,ham
865,ham
3760,ham
3152,ham
1667,ham
857,ham
3687,ham
3261,ham
3144,ham
1293,ham
721,ham
4141,ham
4131,ham
4221,ham
2210,ham
3426,ham
603,ham
1091,ham
3831,ham
2965,ham
5064,spam
3372,ham
3725,ham
319,ham
4422,ham
1627,ham
275,ham
4488,ham
550,ham
1768,ham
4482,spam
3143,ham
606,ham
1074,ham
528,ham
1610,spam
2513,ham
3049,ham
830,ham
3028,ham
4042,ham
4984,ham
2701,ham
4960,ham
4665,ham
299,ham
69,ham
4214,ham
3636,ham
2312,ham
3990,ham
1175,ham
2214,ham
4506,ham
151,ham
757,ham
1752,ham
2647,ham
1213,ham
4797,ham
1210,ham
3623,ham
1613,ham
2424,ham
377,ham
1198,ham
1176,ham
860,spam
3183,ham
3046,ham
2482,ham
2585,ham
2111,ham
379,spam
4056,ham
1962,ham
2025,ham
1814,ham
4458,spam
1484,ham
4256,ham
1870,ham
1413,spam
3044,ham
3906,spam
3564,spam
1502,ham
795,spam
4138,ham
842,ham
1834,ham
1056,ham
176,ham
1150,ham
3304,ham
928,ham
2458,ham
46,ham
2949,spam
4603,ham
1225,spam
3983,spam
897,ham
2925,ham
1832,ham
1955,ham
3635,ham
3209,ham
3324,ham
1766,ham
4398,ham
284,ham
3131,ham
2441,ham
4986,ham
1438,ham
4464,ham
1116,spam
3103,ham
1039,ham
1731,ham
3691,ham
1882,ham
2884,ham
1104,ham
4709,spam
4112,ham
2719,ham
100,ham
5012,ham
4508,ham
2926,ham
3149,ham
3489,ham
1701,ham
367,ham
4368,ham
1261,ham
3090,ham
950,ham
4838,ham
20,spam
669,ham
219,ham
1256,ham
2421,ham
3593,ham
3679,ham
4765,ham
4649,ham
4908,ham
1492,ham
1019,spam
2410,ham
4956,ham
518,ham
3952,ham
2768,ham
2058,ham
1095,ham
3289,ham
5100,ham
2522,ham
2269,ham
1053,ham
4249,ham
760,ham
2860,ham
2835,ham
215,ham
1481,ham
4201,ham
1398,ham
197,ham
4625,ham
2779,ham
5027,ham
1057,ham
5066,ham
888,spam
2255,ham
1889,ham
2657,ham
569,spam
4279,ham
1127,ham
140,ham
2457,ham
2687,ham
4039,ham
464,spam
4291,ham
595,ham
4025,ham
451,ham
2950,ham
1946,ham
4674,ham
2804,ham
2699,ham
4308,ham
1873,spam
452,ham
4613,ham
3133,ham
3461,ham
3728,ham
4837,ham
1000,ham
1596,ham
3707,ham
193,ham
4010,ham
4322,spam
1306,ham
4373,ham
4573,spam
4634,ham
3973,ham
4069,ham
2851,ham
3717,ham
4335,ham
1887,ham
4757,ham
4923,ham
2695,ham
2100,ham
1551,ham
2689,ham
5076,ham
192,ham
2448,ham
1894,spam
1472,ham
2536,ham
2900,ham
1339,ham
1920,ham
2788,ham
2006,ham
3905,ham
1273,ham
4341,spam
313,ham
2882,ham
167,ham
2174,ham
2700,ham
1025,ham
2922,ham
2288,ham
2793,ham
2407,spam
2293,ham
3566,ham
4852,ham
3666,ham
1935,ham
3768,spam
5154,ham
153,ham
5004,ham
2852,ham
5142,ham
3163,ham
3150,spam
2019,ham
1816,ham
3066,ham
3787,ham
4980,ham
1861,ham
1908,ham
32,ham
938,ham
1362,ham
753,spam
4353,ham
310,ham
3358,spam
3649,ham
3577,ham
496,ham
206,ham
1136,ham
2863,ham
4436,ham
702,ham
306,spam
1193,ham
4064,ham
3553,spam
1062,ham
844,ham
3048,spam
3134,ham
212,ham
1109,ham
3980,spam
680,ham
566,spam
2630,ham
3834,spam
681,ham
181,ham
3867,ham
3592,ham
2481,ham
4418,ham
279,ham
1375,ham
1205,ham
4512,ham
433,ham
290,ham
1028,ham
536,ham
4167,ham
1188,ham
189,ham
3881,ham
707,ham
4326,ham
271,ham
2616,ham
4223,ham
2306,ham
3958,ham
112,ham
1171,spam
2096,ham
221,ham
1542,spam
628,ham
1324,ham
3596,ham
4401,ham
791,ham
3361,ham
462,ham
4766,spam
552,ham
2837,ham
1294,ham
199,ham
2772,ham
1874,ham
403,ham
3277,ham
3457,ham
4921,ham
2173,ham
1879,ham
4749,ham
651,ham
709,ham
3574,ham
4562,ham
4367,ham
3922,ham
4628,ham
1993,spam
315,ham
1761,ham
4624,spam
114,spam
961,ham
4231,ham
2419,ham
2562,ham
3560,ham
5160,ham
4547,ham
3425,ham
1352,ham
3660,ham
4678,ham
2168,ham
3863,ham
1425,ham
327,ham
605,ham
4332,ham
5015,ham
4495,ham
2046,ham
2030,ham
3865,ham
4907,ham
3064,ham
1895,ham
4059,ham
1593,ham
1927,spam
1833,ham
790,ham
4992,ham
3495,ham
2265,ham
872,ham
1910,ham
5047,ham
2183,ham
1477,ham
74,ham
2005,ham
1633,spam
1500,ham
93,ham
4725,ham
4699,ham
2403,ham
3091,ham
1943,ham
495,ham
3359,ham
2342,ham
3492,ham
1165,ham
1371,ham
1271,ham
2755,ham
4369,ham
2330,ham
2550,spam
619,spam
3957,ham
4701,ham
2334,ham
1808,ham
4247,ham
1698,ham
4633,ham
3656,spam
870,ham
3401,ham
1043,spam
1544,ham
357,ham
1163,spam
4243,ham
1546,spam
1418,ham
1737,ham
3916,ham
1984,ham
4119,ham
3900,ham
4558,ham
3051,ham
333,ham
2933,ham
1804,ham
1259,ham
3929,ham
4893,ham
3964,ham
3807,ham
5030,ham
2641,ham
3886,ham
1537,ham
446,ham
2405,ham
2016,spam
453,ham
4451,ham
4583,ham
3166,ham
15,ham
2810,ham
946,ham
248,ham
4252,ham
361,spam
4810,ham
1729,ham
4012,ham
4934,ham
1875,spam
3399,ham
2104,ham
3740,ham
3169,ham
5044,ham
4166,ham
491,ham
863,spam
4955,ham
2941,ham
1384,ham
4930,ham
2618,ham
2895,ham
1363,ham
3430,ham
507,spam
4093,ham
26,ham
2128,ham
1223,ham
1114,ham
4432,spam
3669,spam
1514,ham
4827,spam
3182,ham
434,ham
2670,ham
3385,ham
3036,ham
2234,ham
3393,ham
2277,spam
4314,ham
3124,ham
1103,spam
1619,ham
1859,ham
2285,ham
4106,ham
157,ham
3194,ham
3451,ham
616,ham
644,ham
1618,ham
4958,ham
1069,ham
3521,ham
3974,ham
4382,ham
3971,spam
331,spam
1631,ham
4681,spam
2345,ham
623,ham
3274,ham
2705,ham
3665,ham
3108,ham
3810,spam
1753,ham
2901,ham
756,ham
519,spam
4074,ham
33,ham
3146,ham
2789,ham
1158,ham
3485,ham
745,ham
2649,ham
2570,ham
1845,ham
4097,ham
784,ham
1996,spam
4099,ham
230,ham
858,spam
1676,ham
1402,ham
2528,ham
409,spam
171,ham
541,ham
2367,ham
5092,ham
2747,ham
614,ham
1670,ham
3334,ham
3685,ham
1162,ham
2202,ham
2805,ham
4394,ham
2094,ham
4654,ham
2417,ham
565,ham
3825,ham
4391,ham
2023,ham
4782,spam
4656,ham
2223,ham
5088,spam
4943,ham
1722,ham
3703,spam
2560,spam
2659,ham
1967,ham
1173,spam
1594,ham
326,ham
1052,ham
3155,ham
3606,ham
3092,ham
1616,ham
2365,ham
1197,ham
621,ham
1534,ham
3434,ham
1483,ham
1190,ham
649,ham
898,ham
1644,spam
1124,ham
4057,ham
4796,ham
4759,ham
2146,ham
2108,ham
3200,ham
3549,ham
4816,ham
1520,ham
2504,ham
5075,ham
1024,spam
4579,ham
2764,ham
2992,ham
3347,ham
4944,ham
1659,ham
810,ham
3350,ham
979,ham
5136,ham
2881,ham
4431,ham
4833,ham
4940,ham
3559,ham
4698,ham
2571,spam
3102,ham
2032,ham
4217,ham
175,ham
1746,spam
3245,ham
4611,spam
218,ham
4591,ham
3985,spam
1445,ham
691,ham
2760,ham
5149,ham
3752,ham
1107,ham
1783,ham
819,ham
4073,ham
612,ham
3081,ham
4244,ham
4714,ham
577,ham
3615,ham
4585,ham
1181,ham
889,spam
3625,ham
2715,ham
3033,ham
818,spam
4600,ham
4729,ham
209,ham
294,ham
1120,ham
2370,ham
4516,ham
1265,ham
991,ham
2437,ham
3040,ham
4339,ham
1695,ham
354,ham
3972,ham
3382,ham
3264,spam
1490,ham
3045,ham
4101,spam
3270,ham
1229,ham
260,ham
1740,ham
2003,ham
4897,ham
4670,ham
3502,spam
3956,ham
412,spam
2347,ham
2986,ham
4575,ham
4047,ham
1747,ham
1480,ham
1508,ham
1034,spam
1098,ham
1470,ham
544,ham
1047,spam
2093,ham
4718,ham
31,ham
726,ham
2604,spam
2427,ham
5084,ham
1427,ham
4293,ham
2672,ham
437,ham
2644,ham
913,ham
4529,ham
1589,ham
4305,ham
4662,ham
2611,ham
1591,ham
2451,ham
1821,ham
1239,ham
904,ham
2577,ham
4728,ham
3967,ham
508,ham
4630,ham
184,ham
4760,ham
1498,ham
450,ham
322,ham
3246,ham
4774,ham
3406,ham
3135,ham
4993,ham
3572,spam
3693,ham
2260,spam
1552,ham
4587,ham
1147,ham
2211,ham
2958,ham
45,spam
2118,ham
2053,ham
3576,spam
1379,spam
1989,ham
3231,spam
414,spam
3829,ham
1408,ham
3556,ham
802,ham
1289,ham
1559,ham
4194,ham
4831,ham
1741,ham
4926,ham
1700,ham
257,ham
2022,ham
2368,ham
1152,ham
2465,ham
648,ham
4023,ham
1719,spam
3254,ham
2555,ham
3945,ham
4038,ham
1316,ham
1089,ham
4768,ham
2639,spam
2996,spam
1351,ham
5125,ham
113,ham
3362,ham
264,ham
1394,ham
3671,ham
1187,spam
2518,ham
57,spam
1310,spam
696,spam
4510,ham
4149,ham
4829,ham
2802,ham
2439,ham
3530,ham
2479,ham
320,ham
4329,ham
1590,ham
683,ham
4763,ham
4878,ham
480,spam
4285,ham
4941,ham
287,ham
2615,ham
2089,ham
2270,ham
4366,ham
2134,ham
1933,ham
5013,ham
1599,ham
2225,ham
737,ham
5119,spam
337,ham
2551,ham
4702,ham
2828,ham
4551,ham
1072,ham
3709,ham
5000,ham
5061,spam
2145,ham
4480,ham
2073,ham
4253,ham
82,ham
2586,spam
4000,ham
1715,ham
1489,ham
1778,ham
499,ham
4491,ham
2955,ham
3822,ham
4703,ham
3129,ham
3259,ham
2707,ham
1611,ham
2305,ham
2442,ham
4066,ham
2182,ham
1023,ham
2446,spam
5046,ham
2154,ham
3898,ham
3286,ham
2171,ham
666,ham
4962,ham
4360,spam
1553,ham
4410,spam
2315,ham
1018,ham
558,ham
4877,ham
1208,ham
3490,ham
2844,ham
2281,ham
1511,ham
4281,ham
2317,spam
1685,ham
246,ham
1164,ham
3989,ham
3075,ham
267,spam
2532,ham
1115,ham
64,ham
2224,ham
4864,ham
2319,ham
4104,ham
3230,spam
4657,ham
2078,ham
3015,ham
2750,ham
2803,ham
1872,spam
2971,ham
1785,spam
1238,ham
104,ham
2233,spam
273,ham
509,spam
2385,ham
5093,ham
3216,ham
866,ham
2603,spam
909,spam
4689,ham
4767,ham
1304,ham
1628,ham
3078,ham
1523,spam
836,spam
359,ham
139,spam
300,ham
1557,ham
1004,ham
383,spam
942,ham
2105,ham
4016,ham
762,ham
1922,ham
2081,ham
2228,ham
2352,ham
899,ham
4184,ham
2584,ham
1403,ham
2192,ham
1878,ham
4055,ham
4533,spam
3167,ham
1513,ham
1189,ham
3205,ham
2188,ham
4126,ham
3684,ham
3510,ham
109,ham
4979,spam
2472,ham
431,ham
59,ham
77,ham
797,ham
369,spam
5065,ham
786,spam
3071,ham
2230,ham
2727,ham
2165,ham
1893,ham
2252,spam
3849,ham
4814,ham
4377,ham
122,ham
2338,ham
2535,ham
3903,ham
911,ham
125,ham
4120,spam
2132,spam
4839,spam
1587,ham
1258,ham
4315,ham
3729,ham
3627,ham
1179,ham
2911,ham
3830,ham
3718,ham
2500,ham
2246,spam
443,ham
2099,ham
3076,ham
926,spam
2728,spam
2292,ham
2485,ham
4928,ham
1412,ham
3715,ham
4311,ham
1510,ham
3858,spam
3762,ham
2296,ham
3516,ham
325,ham
5006,ham
4597,ham
4589,ham
2115,ham
3535,ham
3257,ham
1503,ham
1007,ham
3085,ham
2908,ham
3766,ham
1468,spam
1226,ham
3106,ham
2343,ham
4794,ham
1217,ham
4173,ham
3748,spam
421,ham
3668,ham
7,ham
933,ham
1692,ham
440,ham
1314,ham
679,ham
1944,ham
2373,ham
4522,ham
4761,spam
4260,ham
4523,ham
3861,ham
4785,ham
2267,ham
2693,spam
2991,ham
1087,ham
1065,spam
4387,ham
2975,ham
2827,ham
195,ham
1475,ham
3612,ham
3746,ham
4805,ham
1212,ham
3211,ham
1658,spam
1973,ham
2891,ham
3239,ham
2896,ham
2378,ham
2068,ham
4758,spam
1131,ham
277,ham
4679,ham
2381,ham
2496,spam
2460,spam
1303,ham
3095,ham
223,ham
4793,ham
49,ham
574,ham
1237,ham
3797,spam
2587,ham
3873,ham
2771,ham
1335,ham
4646,spam
2631,ham
419,spam
268,ham
2868,ham
1105,ham
258,ham
296,ham
2527,ham
1936,ham
387,ham
3545,ham
4060,ham
2390,spam
2408,ham
4481,ham
3765,ham
2064,ham
4531,ham
1564,ham
210,ham
910,ham
1290,ham
5008,ham
3801,ham
1843,ham
4232,ham
959,ham
1794,spam
332,ham
2520,ham
2938,ham
3651,spam
1775,ham
2923,ham
3468,ham
3965,spam
4532,ham
2856,ham
2120,spam
3629,ham
3823,spam
1367,ham
174,ham
3054,spam
4130,ham
2187,ham
1953,ham
2537,ham
2037,ham
4258,ham
3536,ham
4134,ham
1,ham
1357,ham
4544,ham
3122,ham
5055,ham
397,ham
3708,ham
2526,ham
1813,ham
5058,ham
4707,ham
817,ham
1573,spam
4218,spam
1801,ham
4095,ham
3753,ham
2987,ham
4560,ham
4275,ham
2606,ham
2498,ham
4257,ham
4914,ham
555,ham
1160,ham
1214,spam
3226,ham
3856,spam
2477,ham
3271,ham
701,spam
3387,ham
3291,ham
3548,ham
1456,ham
4337,spam
2227,ham
4429,ham
867,ham
1645,ham
4003,ham
2601,ham
1491,ham
4875,ham
730,ham
2909,ham
2645,ham
1937,ham
1111,ham
4205,spam
4621,spam
1186,ham
2008,ham
194,ham
1516,ham
579,ham
2124,ham
1430,ham
3847,ham
5112,ham
1847,ham
132,ham
179,ham
4616,ham
2886,ham
2697,ham
4162,ham
2813,ham
2074,ham
659,ham
1897,ham
3555,ham
4276,spam
343,ham
4543,ham
728,ham
4109,ham
977,ham
2299,ham
3652,ham
1929,ham
4447,ham
3472,ham
1300,ham
4273,spam
4750,ham
661,spam
1791,ham
3307,ham
2982,ham
3190,ham
4771,ham
4972,spam
2894,ham
3853,ham
4408,ham
1279,spam
3293,spam
1622,ham
3931,ham
3942,ham
68,spam
4386,ham
3465,ham
4061,ham
821,spam
1227,ham
3208,spam
4330,ham
5045,ham
2940,ham
4607,spam
5014,ham
3937,ham
1144,ham
398,ham
3114,ham
4446,ham
2956,ham
1399,spam
1660,ham
980,ham
1299,ham
3435,spam
83,ham
3296,ham
4632,ham
4006,ham
4051,ham
2452,ham
424,ham
4485,ham
1905,ham
4688,ham
3976,spam
4862,ham
1566,ham
4148,ham
840,ham
501,ham
142,ham
1378,ham
3960,ham
4007,ham
1139,spam
4082,ham
1788,ham
3750,ham
551,ham
4570,ham
2020,ham
949,ham
2423,ham
533,ham
2906,ham
1830,ham
3207,ham
4899,spam
4123,spam
1603,ham
2239,ham
640,spam
4991,ham
968,ham
4380,ham
2811,ham
1684,ham
4052,ham
4620,spam
3160,ham
156,ham
2973,ham
3039,ham
1090,ham
2843,ham
4383,ham
289,ham
931,ham
4321,ham
3896,ham
3614,ham
2534,ham
3528,ham
943,ham
4113,ham
4817,ham
1699,ham
4865,ham
3168,ham
2681,ham
3011,ham
3290,ham
986,ham
2969,ham
3352,spam
3378,ham
4935,ham
982,spam
3128,ham
2599,ham
3857,ham
3151,ham
4094,ham
4142,ham
1396,ham
265,spam
4836,spam
930,ham
3283,ham
5121,ham
2179,ham
2883,ham
247,spam
3846,ham
1759,ham
5024,ham
4849,ham
924,ham
2510,ham
269,ham
670,ham
3789,ham
1911,ham
3201,ham
1153,ham
4975,ham
4208,ham
4384,ham
1782,ham
2308,ham
2322,ham
3198,spam
1916,ham
613,ham
2573,ham
2268,ham
3780,ham
1899,ham
2623,ham
259,ham
848,spam
4395,ham
1234,ham
1128,ham
3318,ham
1968,ham
559,ham
905,ham
485,ham
2212,ham
1321,ham
2519,ham
8,ham
4421,ham
4536,ham
1451,spam
1202,ham
1815,spam
774,ham
2275,ham
1012,ham
3018,ham
3734,ham
1992,ham
1278,ham
1784,ham
3332,ham
447,ham
881,ham
4609,ham
782,ham
1750,ham
3634,ham
4677,ham
5041,ham
4467,ham
884,ham
4343,ham
1092,spam
4710,ham
532,spam
3232,spam
4196,ham
3814,ham
4237,spam
2291,ham
1728,ham
611,ham
571,ham
2861,spam
3248,ham
344,spam
3218,ham
4248,ham
435,ham
1904,ham
4075,spam
4389,ham
2070,ham
1538,ham
3686,ham
2690,ham
1518,ham
966,ham
4553,ham
529,ham
177,ham
4886,ham
2722,spam
4442,spam
573,spam
2463,ham
3758,ham
4297,ham
5159,ham
2375,spam
3443,ham
2765,spam
2209,ham
4773,ham
2952,ham
384,ham
853,ham
1881,ham
371,ham
2544,spam
4185,ham
4783,ham
1106,ham
3655,ham
2362,ham
4160,ham
1337,spam
2190,ham
4744,ham
2624,ham
3839,spam
3138,ham
5007,ham
1172,ham
2776,ham
3269,ham
1423,ham
2506,ham
2838,ham
4296,spam
1465,ham
875,ham
2298,ham
2489,ham
4569,ham
3999,ham
841,ham
3292,ham
582,spam
205,ham
1642,ham
2015,ham
906,ham
632,ham
3319,ham
1975,ham
163,spam
3403,ham
3067,ham
4645,ham
618,ham
876,ham
1432,ham
548,ham
4216,ham
4696,ham
2553,ham
4079,ham
2652,ham
4982,ham
1862,ham
641,ham
5126,ham
638,spam
4692,ham
3706,ham
2309,ham
3611,ham
2097,ham
2654,ham
3299,spam
3936,ham
3480,ham
922,spam
547,ham
3928,ham
1901,ham
2029,ham
2302,ham
1886,ham
1643,ham
3759,ham
4967,ham
2098,ham
4504,ham
3816,ham
4644,ham
5127,ham
837,ham
602,spam
2185,ham
4117,ham
2656,ham
4452,ham
1583,spam
4411,spam
2847,ham
2918,ham
1071,spam
1776,spam
4966,ham
1284,ham
3272,ham
4985,ham
4911,ham
1837,spam
4385,ham
1020,ham
4895,ham
1327,ham
476,ham
1652,ham
5097,ham
4430,spam
2795,spam
2651,ham
2766,ham
1374,ham
740,ham
3876,ham
2610,ham
868,ham
1141,ham
998,ham
1338,ham
542,ham
1100,spam
1133,ham
5011,ham
2907,spam
2259,ham
4180,ham
60,ham
3089,ham
1939,ham
2759,ham
5096,spam
1079,spam
3126,ham
3356,spam
2663,ham
941,spam
1081,ham
188,ham
2820,ham
2086,ham
2250,ham
3427,ham
2024,ham
4564,ham
1493,ham
4854,ham
3541,spam
1930,ham
3278,ham
4639,ham
1405,ham
2180,ham
698,ham
1125,ham
4490,ham
3127,ham
1779,ham
5031,ham
1038,spam
2257,ham
314,ham
2282,ham
1417,spam
1037,ham
2160,ham
4304,ham
1755,ham
3341,ham
3013,ham
5122,ham
2521,ham
3439,ham
4083,ham
3677,ham
1507,ham
1924,ham
449,ham
5114,ham
4592,ham
5129,spam
2744,ham
362,spam
2184,ham
1135,ham
4128,ham
2156,ham
1831,ham
1054,ham
2461,spam
23,ham
2067,ham
1654,ham
3932,ham
5101,ham
3874,ham
4206,ham
2469,spam
2326,ham
461,ham
1068,ham
88,ham
1431,ham
2834,ham
283,ham
2484,ham
463,ham
213,ham
2589,spam
2674,ham
2582,ham
1369,ham
235,ham
3323,ham
598,ham
4568,spam
2251,ham
4204,spam
2284,spam
663,ham
5123,ham
2286,ham
4873,ham
3424,ham
2678,ham
4355,ham
780,ham
3938,spam
3619,ham
3672,ham
3524,ham
3428,spam
4994,ham
686,ham
3400,ham
2944,ham
3681,ham
2172,spam
2857,ham
1851,ham
488,ham
1689,ham
2231,spam
3500,ham
2321,ham
783,spam
522,ham
523,spam
4524,ham
4164,ham
2399,ham
2208,ham
3726,ham
3805,ham
4004,ham
3159,ham
1512,ham
1883,ham
652,ham
2985,ham
3840,ham
370,ham
2842,ham
119,ham
3558,ham
4983,ham
2217,spam
3794,ham
1614,ham
4212,ham
963,ham
2511,ham
3800,ham
5039,ham
3692,ham
3253,ham
2416,ham
4808,ham
4379,ham
2186,ham
3888,ham
2568,ham
2038,ham
4406,ham
773,ham
1285,ham
4754,ham
4894,ham
2588,ham
4726,ham
1415,ham
1235,ham
4518,ham
436,ham
1675,ham
366,ham
2836,spam
232,spam
4412,ham
148,ham
4546,ham
3050,ham
408,ham
2091,ham
87,ham
845,ham
1032,ham
4752,ham
4210,spam
2916,ham
3464,ham
2629,ham
2846,ham
856,spam
79,ham
2248,ham
4720,spam
3918,ham
3120,ham
3117,ham
2280,ham
2781,ham
4300,ham
4122,ham
3674,ham
2177,ham
425,ham
393,ham
4883,ham
3661,spam
105,ham
2673,ham
3186,ham
2754,ham
3365,ham
3009,ham
1949,ham
1460,ham
3493,ham
3003,spam
3604,ham
4947,ham
1588,spam
4845,ham
1732,spam
4922,ham
3977,ham
3943,ham
1792,ham
2356,ham
1941,ham
703,ham
2443,ham
3014,ham
497,spam
465,ham
2877,ham
4479,ham
173,ham
3297,ham
4954,ham
2541,ham
3498,ham
3162,ham
2261,ham
2113,ham
901,ham
1447,ham
3828,ham
2698,ham
3035,ham
742,ham
2294,ham
2453,ham
2808,ham
4225,ham
1207,ham
510,ham
4295,ham
2806,ham
3002,ham
3551,spam
1550,ham
4234,ham
2203,spam
2567,ham
2869,ham
2045,ham
768,ham
5032,spam
4005,spam
422,ham
124,ham
4303,ham
2814,ham
820,spam
1404,spam
1383,ham
2149,ham
1576,spam
1639,ham
1796,ham
4973,ham
4602,ham
400,ham
2311,ham
883,ham
5133,ham
3104,ham
1353,ham
3072,ham
4700,ham
2131,ham
983,ham
457,ham
3781,ham
1080,ham
1951,ham
4459,ham
690,ham
2430,ham
642,ham
2393,ham
2826,ham
1954,ham
2945,ham
2963,ham
3796,ham
2711,ham
3575,ham
4924,ham
3139,ham
1885,ham
3711,ham
390,ham
2495,ham
4445,spam
3098,ham
846,spam
92,ham
5081,ham
3012,ham
4333,ham
3110,spam
2530,ham
1677,spam
1049,ham
1961,ham
2531,ham
3376,ham
238,ham
3180,ham
3738,ham
1134,ham
4970,ham
3883,ham
4916,ham
3700,ham
3712,ham
4017,ham
2002,ham
1812,spam
3338,ham
3379,ham
1429,ham
3871,ham
2999,ham
3642,ham
4610,ham
4803,ham
3308,ham
1453,spam
594,ham
2726,ham
42,ham
561,ham
3467,ham
3263,ham
244,ham
1340,ham
2978,ham
3173,ham
4070,ham
1443,spam
262,ham
2961,ham
1690,ham
1726,ham
1204,ham
835,ham
1867,ham
2497,ham
3716,ham
2011,spam
3894,ham
341,ham
3204,spam
1602,ham
2797,ham
3222,ham
4850,ham
481,ham
3025,ham
3785,ham
1524,ham
3640,ham
4588,ham
4791,spam
4713,ham
800,ham
1767,spam
4623,spam
2454,ham
3321,ham
4087,spam
4191,ham
4832,ham
3941,ham
1272,ham
5022,ham
4651,ham
3320,ham
4282,ham
348,ham
4129,ham
4775,ham
2563,ham
4740,ham
1424,ham
2103,ham
633,ham
3099,ham
2494,ham
2666,ham
3448,ham
4925,ham
3544,ham
3322,ham
4694,ham
2501,ham
1466,ham
5104,ham
116,ham
1822,spam
1495,ham
2402,ham
1233,ham
2662,ham
2818,ham
3077,ham
4723,ham
1154,ham
4110,ham
58,ham
4018,ham
4461,spam
5105,ham
1736,ham
2824,ham
2197,ham
3806,ham
2476,spam
2565,spam
3389,ham
3622,ham
2609,ham
3917,ham
708,ham
4425,ham
1094,spam
3815,ham
5073,ham
73,ham
1923,ham
3404,ham
1765,ham
744,ham
3083,ham
1006,ham
2669,ham
1191,ham
4874,spam
2602,ham
1126,ham
1242,ham
4811,ham
4270,spam
3689,ham
999,ham
3632,ham
2685,ham
1578,ham
4948,ham
1827,ham
3529,spam
3786,ham
441,ham
5111,ham
1101,ham
2638,ham
650,ham
1547,ham
3790,ham
4417,ham
3394,ham
3996,ham
4426,ham
631,ham
673,ham
1250,ham
483,ham
1585,ham
3775,ham
4779,ham
3260,ham
1463,ham
3041,ham
4152,ham
3880,ham
5141,ham
2579,spam
4072,spam
50,ham
4918,ham
4520,spam
859,spam
1073,ham
720,ham
4324,ham
2632,ham
5033,ham
1661,ham
1657,ham
2426,ham
3774,ham
4371,ham
5134,ham
3546,ham
4626,ham
3542,ham
4909,ham
2935,ham
4266,ham
3335,ham
2607,ham
1386,ham
4103,ham
1400,ham
1196,ham
1409,ham
4096,ham
1799,ham
36,ham
2346,ham
3408,ham
2360,ham
3007,ham
2207,ham
3432,ham
4037,ham
1287,ham
350,ham
2138,ham
2692,ham
3195,spam
3354,ham
1682,ham
4195,ham
1444,ham
3479,ham
1672,ham
3165,ham
1180,ham
2799,ham
1693,ham
4125,ham
373,ham
3056,ham
1917,ham
1358,ham
1826,ham
787,ham
470,ham
141,ham
789,ham
324,ham
51,ham
715,ham
4638,ham
2841,ham
4971,ham
4567,ham
4746,ham
3587,ham
2667,ham
407,ham
3939,ham
1005,ham
4629,ham
891,ham
2412,ham
3683,spam
2391,spam
4158,ham
43,spam
2831,ham
4743,ham
3023,ham
304,ham
4663,ham
4014,ham
665,ham
1178,ham
2677,ham
1948,ham
2502,spam
1474,ham
5099,ham
4821,ham
2133,ham
1027,ham
2990,ham
962,ham
2890,ham
3022,ham
3016,spam
3363,ham
2010,ham
2150,ham
4178,ham
2339,ham
736,ham
305,ham
1441,ham
1497,ham
2653,ham
2876,ham
917,ham
4323,ham
3986,ham
4777,ham
4559,spam
2773,ham
1625,ham
4105,ham
822,ham
3537,ham
1355,ham
4762,ham
851,ham
1001,ham
3621,ham
19,ham
1638,ham
1668,ham
494,ham
3174,ham
1348,ham
3019,spam
3993,ham
4356,ham
3872,spam
3730,ham
688,ham
3998,ham
1609,ham
4229,ham
3648,ham
1010,ham
2409,ham
1093,ham
1328,ham
4812,ham
1678,ham
2000,ham
1311,ham
3275,ham
3494,ham
1988,spam
345,ham
4327,ham
987,ham
588,spam
4078,ham
4457,ham
4183,ham
4582,ham
3317,ham
3251,ham
1143,ham
2359,ham
1199,ham
86,ham
1519,ham
517,spam
1382,ham
2717,ham
3310,ham
1015,ham
129,ham
1365,ham
3882,ham
4174,ham
3353,ham
892,ham
2794,ham
4350,ham
1360,ham
308,ham
1662,spam
2432,ham
4156,ham
1318,ham
4448,ham
3250,spam
2475,ham
2543,spam
1247,ham
3910,ham
1209,ham
217,ham
4437,spam
4604,ham
1240,ham
2290,ham
2741,ham
276,ham
490,ham
1036,ham
1230,ham
4735,ham
1009,ham
4863,spam
3351,ham
3413,ham
2533,ham
4310,spam
1059,ham
2167,ham
4238,ham
3616,ham
282,ham
4830,ham
1317,ham
5138,spam
969,ham
5029,ham
1940,ham
3397,ham
3769,ham
620,spam
3470,ham
1743,ham
1391,ham
4230,spam
1848,spam
1580,ham
1656,ham
2353,ham
2213,ham
3276,ham
2021,spam
5132,ham
1957,ham
3836,spam
3193,ham
1308,ham
2004,ham
4605,ham
576,ham
2361,ham
4344,ham
4586,ham
1707,spam
4009,ham
3719,ham
1281,spam
862,ham
4617,ham
1802,ham
1629,ham
1994,ham
2640,ham
270,spam
630,ham
3082,spam
2335,spam
2967,ham
301,ham
460,ham
1448,ham
1473,ham
2047,ham
4370,ham
4033,ham
4596,ham
2114,ham
28,ham
2041,ham
4672,ham
3809,ham
838,ham
130,ham
3608,ham
2009,ham
5067,ham
4449,ham
381,ham
1852,ham
1526,ham
2366,ham
4175,ham
3053,ham
2885,ham
2341,ham
375,ham
4190,ham
2382,ham
4454,ham
940,ham
4111,ham
4306,ham
2800,ham
2148,ham
4089,ham
4690,ham
4358,ham
2069,ham
530,ham
3309,ham
3997,spam
637,ham
1270,ham
186,ham
4090,ham
3410,ham
3701,ham
1798,ham
2980,ham
1442,ham
4784,ham
5034,ham
1536,ham
3690,ham
3189,ham
1274,ham
2468,ham
608,ham
3633,ham
1713,ham
2200,ham
956,ham
2580,ham
4140,ham
4574,ham
3624,spam
3947,ham
404,ham
2072,ham
4913,ham
1978,ham
159,spam
1749,ham
2910,ham
3784,ham
903,ham
353,ham
1231,spam
4825,ham
2141,ham
445,ham
5108,ham
755,ham
1738,ham
2972,ham
5139,ham
2921,ham
312,ham
549,ham
662,ham
4919,ham
1990,ham
307,ham
2336,ham
695,ham
2357,ham
1928,ham
685,ham
750,spam
3739,spam
3482,spam
1267,ham
4115,ham
3779,ham
4572,ham
2135,ham
3084,ham
3062,ham
3026,ham
971,ham
14,ham
874,ham
809,ham
515,ham
4622,ham
410,ham
3654,spam
5144,ham
5049,ham
208,ham
3456,ham
459,spam
4289,ham
2431,ham
3919,ham
111,ham
4013,ham
1108,spam
4197,ham
1884,ham
1714,ham
1288,spam
4462,ham
3442,ham
553,ham
1440,ham
2271,ham
3892,ham
3145,ham
2822,ham
4939,ham
1926,ham
635,ham
4963,ham
317,ham
4359,ham
4856,spam
1329,ham
428,ham
3617,ham
106,ham
3042,ham
143,ham
2170,ham
3567,ham
90,ham
2919,ham
3238,ham
2242,ham
3175,ham
3658,ham
2164,ham
2637,ham
1950,ham
1769,ham
3520,ham
2273,spam
2,ham
3519,ham
5117,ham
1952,ham
936,ham
4441,ham
2721,ham
4405,ham
1110,ham
3842,ham
592,ham
1696,ham
4998,ham
2937,ham
4346,spam
3657,spam
1577,ham
1112,spam
214,ham
779,spam
1416,ham
3497,ham
4352,ham
2044,ham
2849,spam
4687,ham
3755,spam
4084,ham
1568,ham
166,spam
4871,ham
3838,ham
5086,ham
1344,ham
2014,ham
274,ham
72,ham
4136,ham
1088,ham
395,spam
584,ham
1368,ham
5148,ham
4795,ham
2549,spam
1014,ham
5057,ham
3004,ham
4946,ham
1702,ham
3782,ham
1764,ham
1876,ham
1260,ham
3345,spam
4680,ham
2254,spam
2782,ham
3850,spam
527,ham
3667,ham
2947,ham
378,ham
1560,ham
4092,spam
1964,ham
4890,ham
349,ham
2435,ham
2247,ham
4307,ham
1710,ham
1051,ham
591,ham
520,ham
3381,spam
4885,ham
4263,ham
2478,ham
1084,ham
3845,ham
4936,ham
5130,ham
1295,ham
1810,ham
792,ham
793,ham
4254,ham
1856,ham
4915,ham
1981,ham
3234,ham
934,spam
3631,ham
3329,ham
1531,ham
1411,spam
3525,ham
4439,ham
4802,ham
84,ham
869,ham
2351,ham
21,ham
3670,spam
3899,ham
2796,ham
3454,ham
4853,ham
1563,ham
4347,spam
3094,ham
3156,ham
974,ham
1711,ham
3202,ham
4606,ham
4977,spam
1099,ham
4302,ham
2845,ham
887,ham
5091,ham
3940,ham
3561,spam
4788,ham
3820,ham
4548,ham
516,ham
4772,ham
738,ham
1454,ham
3554,ham
3610,ham
2007,ham
4857,ham
2507,ham
2995,ham
2127,ham
2927,ham
4903,ham
907,ham
3908,ham
1031,ham
2508,ham
2429,ham
948,ham
4077,ham
763,ham
716,ham
285,ham
687,ham
704,spam
3342,ham
2354,ham
2258,ham
3804,ham
474,ham
22,ham
2753,spam
886,spam
2449,ham
918,spam
4026,ham
4020,spam
2240,ham
731,ham
3396,ham
1266,ham
484,ham
4483,ham
2964,ham
1220,ham
278,ham
989,ham
2085,ham
1246,ham
2383,ham
572,ham
1436,ham
994,ham
3699,ham
3694,ham
586,ham
3527,ham
3920,ham
2515,spam
1350,ham
1008,ham
675,ham
2413,ham
2904,spam
448,spam
3788,spam
4027,ham
3966,ham
360,ham
2065,ham
5062,ham
4081,ham
1691,ham
4472,spam
1549,ham
1248,ham
1986,ham
295,ham
1548,ham
2013,ham
589,ham
3330,spam
2404,ham
2130,ham
4535,ham
3509,ham
2411,ham
2720,ham
4704,ham
426,ham
2583,spam
4706,ham
4712,ham
557,ham
4505,ham
2055,ham
4869,ham
2470,ham
4867,ham
356,ham
1194,spam
1717,ham
3417,ham
2605,ham
2829,ham
1705,ham
2864,ham
3995,ham
2619,ham
2401,ham
3240,spam
2384,ham
3219,ham
4011,ham
1286,ham
4067,ham
1773,ham
4618,ham
2088,ham
1890,ham
3756,ham
1592,ham
1347,ham
4580,ham
2163,ham
2397,spam
2272,ham
4640,spam
3112,ham
1138,ham
593,ham
973,ham
796,ham
3021,ham
1712,ham
3388,spam
37,ham
454,ham
914,spam
4227,ham
1200,ham
1275,ham
2376,ham
38,ham
975,ham
3196,ham
984,ham
3298,ham
4220,ham
3333,ham
1561,spam
40,ham
1487,ham
521,ham
170,ham
1356,ham
2786,ham
3893,ham
4906,ham
3721,ham
3613,ham
988,ham
2683,spam
4861,ham
4199,ham
1641,ham
1291,ham
3682,ham
1381,ham
1934,ham
580,ham
4362,ham
3161,ham
2031,ham
893,ham
4163,ham
160,ham
3,spam
2264,ham
3217,spam
2110,ham
850,spam
2738,ham
2467,spam
3959,ham
3911,ham
1597,ham
1777,ham
1914,ham
1044,ham
4870,ham
1545,spam
2737,ham
3969,ham
4769,ham
54,ham
1797,ham
3589,ham
1912,spam
2307,ham
2554,ham
2801,ham
937,ham
4267,ham
825,spam
4891,ham
3179,ham
3402,ham
1390,ham
3565,ham
5036,ham
885,ham
4076,ham
3647,ham
3732,ham
1608,ham
1595,ham
772,spam
2612,ham
3783,ham
3225,ham
2274,ham
1869,ham
1086,ham
11,ham
3869,ham
1326,ham
3391,spam
1464,ham
807,ham
4002,ham
4542,ham
4041,ham
2109,ham
4378,ham
5116,ham
2235,ham
3212,ham
964,ham
3416,ham
4236,ham
399,ham
2633,ham
5010,ham
2997,ham
705,ham
432,ham
4822,ham
293,spam
5026,ham
4287,ham
2034,ham
3742,ham
4348,ham
1166,ham
2051,spam
3761,ham
2625,ham
4525,ham
340,ham
4127,ham
3934,ham
2974,ham
266,ham
2425,ham
1263,ham
1772,ham
3512,ham
272,ham
697,spam
748,spam
245,ham
318,ham
477,ham
2033,spam
958,ham
4088,spam
814,spam
4312,spam
1915,ham
3811,spam
4801,ham
3488,ham
1298,ham
4465,ham
1805,ham
759,ham
251,ham
2462,ham
546,ham
3242,ham
739,spam
311,ham
4050,ham
2942,ham
1132,ham
1450,ham
5079,ham
16,spam
3233,ham
2770,ham
3469,ham
921,ham
3030,ham
1373,ham
3588,ham
2545,ham
3599,spam
39,ham
364,ham
4240,ham
183,ham
3034,ham
2984,ham
1195,ham
2853,ham
4035,ham
1122,ham
5077,ham
2236,ham
2668,ham
3962,ham
3224,ham
1183,spam
4399,ham
4438,ham
615,ham
5068,spam
1467,ham
402,ham
3043,spam
935,ham
2420,ham
4202,ham
4664,ham
2642,ham
5043,ham
727,ham
827,ham
1522,spam
3912,ham
4902,ham
2931,spam
137,ham
3591,ham
629,ham
335,ham
3854,spam
391,ham
4534,ham
5035,ham
4100,ham
1818,ham
401,ham
711,ham
778,ham
3360,spam
47,ham
1562,ham
3949,ham
4957,spam
5082,ham
3643,ham
3727,spam
5002,ham
1113,ham
2514,ham
3609,ham
1224,ham
5016,ham
3024,ham
2422,ham
1509,ham
1751,ham
4996,ham
4376,ham
1800,ham
339,ham
216,ham
3664,ham
1342,ham
12,spam
3887,ham
1521,ham
3895,ham
3641,ham
330,ham
4045,ham
3005,ham
2865,ham
3116,ham
4999,ham
2323,ham
2572,ham
2914,ham
102,ham
3550,ham
1459,ham
172,ham
108,ham
4338,ham
3570,spam
5152,ham
3875,ham
4440,ham
25,ham
4114,ham
4509,ham
939,ham
61,ham
1241,ham
4790,ham
1041,ham
4328,ham
2761,ham
2121,ham
1525,ham
3522,ham
154,ham
2249,ham
482,ham
4375,ham
4450,ham
3579,ham
4265,ham
3921,spam
3563,ham
3316,ham
1763,ham
3539,ham
4961,ham
751,ham
3620,ham
1786,ham
4415,ham
3384,ham
4278,ham
406,ham
758,ham
2712,ham
2671,spam
4177,ham
98,ham
1334,spam
4601,ham
2792,ham
2855,ham
187,spam
1137,ham
2724,ham
3584,ham
2059,ham
1320,ham
4340,ham
149,ham
29,ham
4280,ham
1395,ham
3364,spam
693,ham
2867,ham
3777,ham
1387,ham
1846,ham
5083,ham
3630,spam
4653,ham
3029,ham
2970,ham
4503,ham
1709,spam
2954,ham
455,ham
610,ham
4392,ham
2075,ham
4053,ham
4428,ham
1623,ham
4537,ham
41,ham
2090,ham
3925,ham
2176,spam
75,ham
4463,ham
5089,ham
2658,ham
3181,ham
2077,ham
442,ham
2052,ham
2542,ham
1302,ham
3431,spam
1305,ham
237,spam
4317,ham
2600,ham
2574,ham
3281,ham
3187,ham
3954,ham
2769,ham
2107,ham
2680,ham
2762,ham
1388,ham
4851,ham
4676,ham
1280,ham
5059,ham
1556,ham
3191,ham
4846,ham
3595,ham
1921,ham
514,ham
1309,ham
915,ham
3453,ham
3696,ham
3157,ham
2199,ham
775,ham
944,ham
823,ham
165,ham
3984,ham
2539,ham
4933,ham
1312,ham
4697,ham
4318,ham
4798,ham
3301,ham
3311,ham
328,ham
2491,ham
4841,ham
833,ham
3080,ham
3463,ham
4538,ham
55,ham
4065,ham
3452,ham
1902,ham
1482,ham
4151,ham
3336,ham
947,ham
3294,spam
2162,ham
3058,ham
769,ham
4859,ham
3496,ham
286,ham
5098,ham
4598,ham
2333,ham
2718,ham
2080,ham
3390,ham
723,ham
952,ham
4513,ham
2263,spam
990,ham
3213,ham
1760,ham
4246,ham
1725,ham
342,ham
3702,ham
689,ham
3433,ham
967,ham
4884,ham
2204,ham
2714,ham
4901,ham
3573,ham
1991,ham
4121,ham
4241,ham
4900,ham
3601,ham
4717,spam
5140,ham
4264,ham
386,ham
4517,ham
4719,ham
537,ham
4820,ham
4213,ham
3508,ham
202,ham
1333,spam
3503,ham
2709,spam
4022,ham
1855,ham
4619,ham
2873,ham
3031,ham
1206,ham
1646,ham
3418,ham
3477,ham
2862,ham
1793,ham
3798,spam
3369,ham
3368,ham
3534,ham
4540,ham
3450,ham
604,ham
3057,ham
4507,spam
127,ham
3877,spam
2936,ham
3532,ham
2731,ham
828,ham
1640,ham
985,ham
3282,ham
5131,ham
2189,ham
4764,ham
2444,spam
363,ham
2350,ham
346,ham
815,ham
3206,ham
4905,ham
4953,ham
3326,spam
4107,ham
2117,spam
1835,ham
794,ham
5106,ham
2675,ham
95,ham
4226,ham
3757,spam
2892,ham
2372,ham
4388,ham
4581,ham
3229,ham
2854,spam
2913,ham
1866,ham
1858,ham
2646,spam
2244,ham
2337,ham
951,ham
3069,ham
1121,ham
2598,ham
2205,spam
420,ham
923,ham
1255,ham
478,ham
2036,ham
1203,ham
2627,ham
4976,ham
1971,ham
3111,ham
4019,ham
2152,ham
1998,ham
4034,ham
3055,ham
1249,ham
2193,ham
2713,ham
993,ham
2191,ham
3763,ham
3598,ham
1319,spam
1864,ham
2344,ham
2450,ham
2137,ham
1066,ham
5120,ham
4228,ham
2622,ham
78,ham
2899,spam
1315,ham
4519,ham
873,ham
3851,ham
4945,ham
2966,ham
3392,ham
2561,ham
5056,ham
2636,spam
3531,ham
376,ham
1909,ham
4478,ham
4526,ham
4028,ham
1605,ham
1119,ham
3678,ham
3491,ham
5023,ham
2959,ham
1995,ham
5115,ham
4502,ham
2377,ham
1343,ham
321,ham
1620,spam
3714,spam
2061,ham
2220,ham
1674,ham
261,spam
4565,spam
2040,ham
902,ham
3745,spam
2027,ham
4235,ham
1918,spam
1829,spam
1574,ham
4541,ham
4209,ham
225,ham
724,ham
4635,ham
1142,ham
2763,ham
847,ham
4290,ham
2552,ham
2929,ham
118,ham
646,ham
4,ham
4171,ham
468,ham
6,spam
920,ham
2596,ham
4325,ham
1064,ham
2591,ham
243,ham
1161,spam
2871,ham
3736,ham
2398,ham
3518,ham
3422,ham
2564,ham
1606,spam
4987,spam
2325,ham
2710,spam
4545,spam
1313,ham
3449,ham
3813,ham
4809,ham
2363,ham
1976,spam
3515,ham
1762,ham
2740,ham
4813,ham
2473,ham
4008,ham
1494,spam
4207,ham
2159,spam
1170,ham
4666,ham
233,ham
67,ham
1604,ham
3597,ham
126,ham
1297,ham
1977,ham
4667,spam
4631,ham
2076,spam
3087,ham
4673,ham
3346,ham
4614,ham
2798,spam
919,ham
1647,ham
365,ham
3288,ham
2126,ham
4124,ham
526,ham
56,spam
639,ham
303,ham
2767,ham
1277,ham
2056,ham
4433,ham
3645,ham
4144,ham
2879,spam
4203,ham
2287,ham
2262,ham
2297,ham
1754,ham
1969,ham
4498,ham
3118,spam
2394,ham
524,ham
3901,ham
3123,ham
4157,ham
1970,ham
672,spam
4189,ham
667,ham
4484,ham
1888,ham
3267,spam
281,ham
1720,spam
2948,ham
4456,ham
900,ham
5009,ham
761,ham
1907,spam
4043,ham
3824,ham
4139,ham
3819,ham
4301,ham
2594,ham
4165,ham
3032,ham
3580,ham
2833,ham
3473,ham
138,ham
2181,ham
2129,ham
3178,ham
4514,spam
4262,ham
4345,ham
1332,ham
2018,ham
2483,ham
1359,ham
1330,ham
2151,ham
2123,ham
3982,ham
1253,ham
3279,ham
3375,ham
2815,ham
1849,ham
3038,ham
389,ham
236,ham
1078,ham
1985,ham
4364,ham
3963,ham
771,spam
2166,ham
674,ham
250,ham
1575,ham
3420,spam
2082,ham
1824,ham
717,ham
4823,ham
2049,ham
4179,ham
2725,ham
4671,ham
1461,ham
1669,ham
2757,spam
2001,spam
405,ham
385,ham
4642,ham
2153,ham
1634,spam
4904,ham
3926,ham
4159,ham
224,spam
2194,ham
3137,ham
4470,ham
1825,ham
4751,ham
798,ham
2872,ham
10,spam
1945,ham
1839,ham
256,spam
4486,ham
4658,ham
1582,ham
2957,ham
925,ham
4578,ham
2509,spam
3776,ham
4137,ham
2780,ham
540,ham
2746,ham
4648,ham
4721,ham
1146,ham
4469,ham
668,ham
3020,ham
358,ham
2832,ham
2784,ham
1354,ham
471,ham
2704,ham
3331,ham
3638,ham
1397,ham
3585,ham
4636,ham
3377,ham
1257,ham
3513,ham
1251,ham
4965,ham
4299,ham
3285,ham
2934,ham
4176,ham
1853,ham
5028,ham
2106,ham
134,spam
929,ham
824,ham
4693,spam
1532,ham
1215,ham
505,ham
4286,ham
1997,ham
3073,ham
1959,ham
1385,ham
895,ham
456,spam
4789,ham
3710,ham
4770,ham
4269,ham
3523,ham
4135,ham
3603,ham
714,ham
4187,ham
2215,spam
2924,ham
1811,spam
3487,ham
3142,ham
1828,spam
1156,ham
1325,spam
4313,ham
511,ham
1681,ham
500,ham
4686,ham
1857,ham
1389,ham
3720,ham
2387,ham
3237,ham
1541,ham
1218,ham
2682,ham
2994,ham
1192,spam
1543,ham
3302,ham
3325,ham
2540,ham
954,ham
4331,ham
733,ham
1157,ham
3295,ham
2983,ham
2157,ham
1063,spam
2617,ham
1168,ham
3223,ham
3637,ham
2939,ham
4492,ham
3141,ham
144,ham
3578,spam
2783,ham
718,spam
1820,spam
2503,spam
4361,ham
4172,ham
396,ham
4995,ham
4493,ham
1366,ham
4708,ham
596,ham
3953,ham
2915,ham
2327,ham
3767,ham
3441,ham
3852,ham
4133,ham
4741,ham
2144,ham
1572,ham
4080,ham
1123,spam
2787,ham
2968,spam
2505,ham
3466,spam
676,ham
2809,ham
3349,ham
729,ham
413,ham
3147,ham
1517,ham
826,ham
3268,spam
3975,spam
617,ham
115,ham
418,spam
3070,ham
1626,ham
5110,ham
4186,ham
2897,ham
4826,ham
2083,ham
754,ham
2547,ham
3970,ham
3374,ham
4108,ham
2445,ham
4381,spam
1067,ham
3914,ham
3499,ham
2739,ham
4001,ham
1569,ham
2428,ham
3747,ham
4792,ham
1688,ham
852,ham
3547,ham
896,ham
4593,ham
336,ham
2840,ham
3088,spam
4612,ham
1349,ham
1016,ham
2817,ham
1632,ham
2490,ham
3731,spam
3252,ham
4786,ham
2071,ham
4453,ham
5042,ham
1636,ham
4647,ham
2480,ham
2266,spam
2960,ham
4889,ham
3060,ham
2142,ham
3119,spam
4882,ham
4046,ham
2745,ham
3507,spam
1680,ham
4250,ham
3148,ham
2295,ham
581,spam
1471,spam
4071,ham
3344,ham
3673,ham
560,ham
2850,ham
513,ham
4730,ham
1082,ham
1665,ham
1013,ham
1932,ham
1151,ham
2839,spam
117,spam
741,ham
4964,ham
3676,ham
831,ham
120,spam
4753,ham
4937,ham
4896,ham
636,ham
4466,ham
4365,ham
4143,ham
992,spam
877,ham
5,ham
3052,ham
3125,spam
2661,ham
2492,ham
3855,ham
4778,ham
1716,ham
1149,ham
3262,ham
575,ham
3770,ham
3737,ham
4147,spam
854,ham
1983,ham
2775,ham
1167,ham
972,ham
2702,ham
4496,spam
3848,ham
2369,ham
4116,ham
4781,ham
4132,ham
2951,ham
525,ham
2456,ham
1842,ham
538,ham
2807,spam
4342,ham
3176,ham
785,spam
4058,ham
1410,ham
2538,ham
155,ham
3010,ham
1687,spam
2902,ham
5109,ham
4722,spam
3864,ham
2734,ham
1896,ham
570,ham
1817,ham
2066,ham
128,ham
3395,ham
3328,spam
5146,ham
2976,spam
981,ham
2301,ham
191,ham
1140,ham
700,spam
4938,ham
607,ham
4277,spam
302,spam
3421,ham
4978,ham
1061,ham
2566,ham
5155,spam
1070,ham
2525,spam
2206,ham
1244,ham
3121,ham
4643,ham
4755,ham
816,ham
3068,ham
4942,ham
960,spam
226,ham
2486,ham
563,ham
3437,ham
1694,ham
1046,spam
3447,ham
4566,ham
955,ham
5145,ham
2736,spam
5063,ham
4736,ham
4981,ham
1219,ham
1528,ham
3988,ham
1301,ham
5051,ham
161,ham
4068,ham
957,ham
3792,ham
3235,ham
2870,ham
3778,ham
4434,ham
2962,spam
2201,ham
99,ham
2558,ham
3184,ham
254,ham
3924,ham
4200,ham
1446,ham
1649,ham
4724,spam
3992,ham
1697,ham
3192,ham
4500,ham
1155,ham
2256,ham
1683,spam
3171,ham
2057,ham
4091,ham
3109,spam
4549,ham
3724,ham
2050,ham
3644,ham
5087,ham
624,ham
263,ham
3370,spam
4062,ham
4737,ham
5153,ham
2386,ham
1960,ham
2977,ham
489,ham
1844,ham
1735,ham
2912,ham
3220,ham
147,spam
1987,spam
1370,spam
2812,ham
660,spam
1795,ham
2512,ham
3398,ham
4283,spam
1148,ham
3273,ham
609,ham
3583,ham
1931,ham
198,ham
2932,ham
2328,ham
4390,ham
767,spam
4497,ham
4219,ham
3256,ham
203,ham
3511,ham
4932,ham
1734,ham
2778,ham
1708,ham
3475,ham
855,ham
4738,ham
4098,ham
2161,ham
699,ham
5107,ham
3000,ham
3697,ham
1637,ham
3458,ham
3582,ham
1292,ham
4660,ham
1854,ham
3764,ham
3305,ham
5072,ham
3744,ham
3446,ham
1999,ham
664,ham
4780,ham
3749,ham
4414,ham
4745,ham
710,ham
2676,ham
4030,ham
1307,ham
2238,ham
3303,ham
2039,spam
1530,ham
1664,ham
5094,ham
5113,ham
3628,spam
4892,ham
2694,ham
3061,ham
1598,ham
2730,ham
2626,ham
3158,ham
3315,ham
1723,ham
1060,ham
4637,ham
1679,ham
1758,ham
4192,ham
564,ham
2791,ham
1485,ham
207,ham
4489,ham
871,ham
4494,spam
503,ham
1029,ham
3841,ham
2691,spam
1571,spam
2774,ham
2732,ham
805,spam
3646,ham
2455,ham
4599,ham
3105,ham
4876,ham
201,ham
3100,ham
2279,ham
3562,ham
4475,ham
4515,ham
392,ham
1496,ham
2696,spam
2028,ham
2569,spam
65,ham
3885,ham
2063,ham
493,ham
380,ham
4860,ham
3994,ham
4888,ham
1077,ham
879,ham
338,ham
1017,ham
1276,ham
3799,ham
4552,ham
3343,ham
4912,spam
996,ham
1982,ham
4298,ham
4799,ham
1501,ham
3844,ham
2614,ham
3462,ham
1022,spam
3074,ham
3944,ham
1586,ham
1956,ham
3153,ham
35,spam
4015,ham
2557,ham
1479,ham
1364,spam
2613,ham
2825,ham
2042,ham
242,ham
2062,spam
2364,ham
601,spam
2436,spam
2889,ham
647,ham
3891,spam
3557,ham
3203,ham
1529,ham
1268,spam
1900,spam
4659,spam
3006,ham
2735,ham
190,spam
1807,ham
976,ham
2748,ham
2048,ham
2559,ham
1083,ham
475,ham
2905,ham
4844,ham
4118,ham
3386,ham
4556,ham
1185,ham
5052,ham
2392,ham
770,ham
1686,ham
131,ham
2920,ham
3172,ham
3445,ham
4427,ham
467,spam
3093,ham
3773,ham
861,spam
